{
  "SHA": [
    1.0,
    70.43054367648237,
    127.39877900376531,
    257.42684339928815,
    0.5262600800053137,
    0.07951687772894361,
    0.16396391289941625
  ],
  "ORO": [
    1.0,
    71.16537202313276,
    100.0,
    250.0,
    1.0,
    0.0,
    0.0
  ],
  "BUL": [
    1.0,
    69.58602984323238,
    140.3683234247991,
    278.7931440295719,
    0.42512361771179236,
    0.13779918060764862,
    0.1533795623939735
  ],
  "FOL": [
    1.0,
    39.123346790263426,
    100.0,
    250.0,
    1.0,
    0.0,
    0.007798869332074937
  ],
  "PAR": [
    1.0,
    18.793340606829474,
    220.94135683053162,
    311.60272937629367,
    0.0,
    0.018796117425078297,
    0.02976641983470936
  ],
  "NHG": [
    2.2983663360873385,
    46.31133257745892,
    123.85887962572599,
    283.61748771595813,
    0.07777965307203298,
    0.08577645184358632,
    0.11626412662917227
  ],
  "NML": [
    1.0397614371220092,
    33.203073726264854,
    202.70785755645264,
    347.6751478078991,
    0.6689040587440501,
    0.023254368525009617,
    0.03208094820813093
  ],
  "DNP": [
    1.0,
    55.55670995015508,
    204.6138150531849,
    329.03697062783056,
    0.0,
    0.01998326850241469,
    0.19980506886419044
  ],
  "EXC": [
    1.0,
    65.88728785429379,
    191.45465174329166,
    338.1373861501485,
    0.6364068748516943,
    0.10346529423766987,
    0.07757166895609069
  ],
  "MIL": [
    1.0,
    14.703772912751106,
    226.90288656878766,
    279.6152072508627,
    0.0,
    0.11781966920980694,
    0.0
  ]
}