{
  "SHA": [
    1.0,
    71.00176265105813,
    100.00000471585807,
    257.7499754610134,
    0.4094627435918928,
    0.06948367973316645,
    0.09960695734647454
  ],
  "ORO": [
    1.0,
    20.689865561954885,
    100.0,
    250.0,
    1.0,
    0.0,
    0.10861668646267367
  ],
  "BUL": [
    1.0,
    63.78182900787381,
    127.69150307147346,
    275.52276397749785,
    0.5204767852904559,
    0.17130898992531535,
    0.16195379456005252
  ],
  "FOL": [
    1.0,
    32.33772493735155,
    100.0,
    250.0,
    1.0,
    0.0,
    0.055002594813874844
  ],
  "PAR": [
    1.0,
    22.496467386126366,
    215.03586008096013,
    334.6351776404384,
    0.0,
    0.02459256142586972,
    0.0
  ],
  "NHG": [
    2.973407061737166,
    15.576385170243896,
    190.76370510731178,
    288.3549267996309,
    0.5951220921402345,
    0.1612426312380939,
    0.08357458876023716
  ],
  "NML": [
    1.0,
    33.926903100275005,
    227.63633310219254,
    290.8620639823513,
    0.7638536905589901,
    0.05098702841026975,
    0.1291720527422919
  ],
  "DNP": [
    1.0,
    82.51192963999485,
    218.99465184830103,
    304.8110759089822,
    0.20716690184176578,
    0.031038938056284045,
    0.12700815586444794
  ],
  "EXC": [
    1.0598071008000773,
    50.995566011388874,
    168.35179348380316,
    346.2082200833822,
    0.6213738429453404,
    0.11083184287062776,
    0.1158293629513826
  ],
  "MIL": [
    1.0,
    13.957018054441315,
    221.15254305049066,
    283.9292705083703,
    0.0,
    0.1178330953149919,
    0.0
  ]
}