{
  "SHA": [
    1.0,
    55.192686613787544,
    109.2661973064155,
    250.0,
    0.43171031053780284,
    0.06827689311503171,
    0.08529212613160037
  ],
  "ORO": [
    1.0,
    43.832511199708094,
    172.06604434379076,
    255.43009266993994,
    1.0,
    0.4414758266155064,
    0.14825090194299417
  ],
  "BUL": [
    1.0,
    56.34921516381986,
    134.97925025655155,
    250.0,
    0.4130884539207662,
    0.15196936602765312,
    0.00015728354246453968
  ],
  "FOL": [
    1.0,
    3.8595374262941036,
    135.65785143669285,
    250.0,
    0.7930602125313216,
    0.567975652538633,
    0.05503845286668694
  ],
  "PAR": [
    1.0,
    0.0,
    219.8441343306117,
    355.63442751389766,
    0.0,
    0.015709065094944928,
    0.0
  ],
  "NHG": [
    1.0909186340153283,
    2.376532818789748,
    177.37943374296577,
    306.5833197637337,
    0.44099792819902855,
    0.11719472418194865,
    0.031922906319689345
  ],
  "NML": [
    1.0012156598792796,
    29.718102161595734,
    202.46100241919044,
    301.0920901804052,
    0.853954332582234,
    0.07909649367354321,
    0.1390878420359828
  ],
  "DNP": [
    1.0,
    94.56197042296401,
    215.59646869073174,
    312.91823498886686,
    0.3735366457855202,
    0.03382443328769906,
    0.06584712977038062
  ],
  "EXC": [
    1.1238874026709944,
    46.436864968568514,
    206.78768624282466,
    356.3461642709735,
    0.7364452248937284,
    0.100137990835749,
    0.16166189863092795
  ],
  "MIL": [
    1.0,
    12.224421012307866,
    218.03000744423642,
    276.38978183744763,
    0.0,
    0.09905811898006242,
    0.0
  ]
}