{
  "SHA": [
    1.0,
    83.09290703860745,
    109.2322642893539,
    258.7861863124665,
    0.4359356543096336,
    0.06661839604683835,
    0.15865880036340155
  ],
  "ORO": [
    1.0,
    39.53345594449297,
    100.0,
    250.0,
    1.0,
    0.0,
    0.052816007164900314
  ],
  "BUL": [
    1.0,
    18.47947367956532,
    141.2548752498307,
    250.0,
    0.5147383923767039,
    0.17455924482269375,
    0.17166581365344846
  ],
  "FOL": [
    1.0,
    89.363877716317,
    100.0,
    250.0,
    1.0,
    0.0,
    0.0
  ],
  "PAR": [
    1.0,
    0.0,
    219.1756798671032,
    331.3749130580612,
    0.0,
    0.018762696547694163,
    0.0
  ],
  "NHG": [
    2.0630267035399044,
    65.23629451690933,
    130.97711539266353,
    259.20056269811994,
    0.1426002134519425,
    0.09392897233161081,
    0.18226096496662555
  ],
  "NML": [
    1.279678411275646,
    98.2847708411683,
    199.86369857655131,
    341.4044846202969,
    0.6417157110123783,
    0.0219512189711511,
    0.18953765092424835
  ],
  "DNP": [
    1.0,
    91.84605684254,
    214.1595275128604,
    303.5879828099563,
    0.16372156986410596,
    0.03091114150860936,
    0.06271515222896074
  ],
  "EXC": [
    1.0,
    15.221334496708296,
    174.94101616598638,
    365.81044975540055,
    0.635211146863169,
    0.09839124011060096,
    0.1497633207254847
  ],
  "MIL": [
    1.0,
    15.157817973482887,
    223.4492982441785,
    283.69046606631014,
    0.0,
    0.11369278385083373,
    0.0
  ]
}