{
  "SHA": [
    1.0,
    11.227442438733407,
    100.0,
    250.0,
    0.7327472408468085,
    0.12020092763745298,
    0.15994675395306662
  ],
  "ORO": [
    1.0,
    82.71659724647073,
    138.86316247478763,
    340.32338020910385,
    0.7906081722421441,
    0.17220943661282687,
    0.020675345659713337
  ],
  "BUL": [
    1.0,
    21.869954850488675,
    116.02867914397162,
    322.9354206341964,
    0.905314236077751,
    0.49284323243089917,
    0.03508816340095881
  ],
  "FOL": [
    1.0,
    86.40723125795301,
    134.9999997153462,
    268.9197816723406,
    0.5566234564022019,
    0.24248285009162684,
    0.025998702867201295
  ],
  "PAR": [
    1.0,
    5.355545726305363,
    197.49921365038728,
    361.2423661627106,
    0.5785442915370796,
    0.04681475181398671,
    0.08581796573123761
  ],
  "NHG": [
    2.505179807698213,
    55.814267933526985,
    101.6838128067778,
    256.91090712513864,
    0.7821017523996795,
    0.17578162583254606,
    0.019841261949452987
  ],
  "NML": [
    1.0,
    1.0926031843656299,
    248.79243312115887,
    358.13240335459307,
    0.8986051201282839,
    0.030794494711271363,
    0.07999990551404322
  ],
  "DNP": [
    1.0,
    9.674374840564171,
    216.33620185790738,
    362.12092056668064,
    0.7143971956370524,
    0.044700203155347666,
    0.15050016304031008
  ],
  "EXC": [
    1.1043367428520061,
    3.5364957125345344,
    209.72319596803726,
    325.0660570570403,
    0.6464227495504493,
    0.03807920642855137,
    0.07356515877884999
  ],
  "MIL": [
    1.9498251885673974,
    30.390117140477805,
    246.24516954724686,
    303.0997322546664,
    0.651115078488302,
    0.09947404010827933,
    0.1196312523482239
  ],
  "Gains": [
    0.6730481005243231,
    0.9463406945013841,
    0.13991165258459856
  ],
  "HRO": [
    0.8520604809861858,
    10111.015549792368,
    5.0,
    7421.0470970488805,
    4737.469384413591,
    0.3498700885610291,
    0.7952622488020142
  ],
  "TRP": [
    0.9759619618988709,
    7377.77375667054,
    2.47426079415641,
    5417.6703185897795,
    4080.1393250243664,
    0.2536916069903516,
    0.6248512300465707
  ]
}